-- Start ;
INSERT INTO roles(id,name) VALUES 
    (1,'admin'),
    (2,'premium'),
    (3,'staff');

INSERT INTO users(id,username,password,salt,created_at,updated_at,last_login) VALUES 
    (1, 'evai','123321','456654',(select now()),(select now()),(select now()));

INSERT INTO users_roles(user_id,role_id) VALUES 
    (1,1);

INSERT INTO languages(id,name,short_name) VALUES
    (1, 'Russia','rus'), (2, 'English','eng');

INSERT INTO parts_of_speech(id, name) VALUES
    (1,'существительное'), 
    (2,'глагол'), 
    (3,'прилагательное'), 
    (4,'местоимение'), 
    (5,'наречие'),
    (6,'числительное'),
    (7,'предлог'),
    (8,'союз'),
    (9,'частица');

INSERT INTO finals (id, name, pos) VALUES 
    (1,       'a',        1),
    (2,       'o',        2),
    (3,       'e',        3),
    (4,       'i',        4),
    (5,       'i',        5),
    (6,      'er',        6),
    (7,      'ai',        7),
    (8,      'ei',        8),
    (9,      'ao',        9),
    (10,     'ou',       10),
    (11,     'an',       11),
    (12,     'en',       12),
    (13,     'ang',      13),
    (14,     'eng',      14),
    (15,     'ong',      15),
    (16,     'i',        16),
    (17,     'ia',       17),
    (18,     'iao',      18),
    (19,     'ie',       19),
    (20,     'iu',       20),
    (21,     'ian',      21),
    (22,     'in',       22),
    (23,     'iang',     23),
    (24,     'ing',      24),
    (25,     'iong',     25),
    (26,     'u',        26),
    (27,     'ua',       27),
    (28,     'uo',       28),
    (29,     'uai',      29),
    (30,     'ui',       30),
    (31,     'uan',      31),
    (32,     'un',       32),
    (33,     'uang',     33),
    (34,     'ueng',     34),
    (35,     'ü',        35),
    (36,     'üe',       36),
    (37,     'üan',      37),
    (38,     'ün',       38);



INSERT INTO finals_tone (id, name, tone, final_id) VALUES 
    (1, 'a', 5, 1),
    (2, 'o', 5, 2),
    (3, 'e', 5, 3),
    (4, 'i', 5, 4),
    (5, 'i', 5, 5),
    (6, 'er', 5, 6),
    (7, 'ai', 5, 7),
    (8, 'ei', 5, 8),
    (9, 'ao', 5, 9),
    (10, 'ou', 5, 10),
    (11, 'an', 5, 11),
    (12, 'en', 5, 12),
    (13, 'ang', 5, 13),
    (14, 'eng', 5, 14),
    (15, 'ong', 5, 15),
    (16, 'i', 5, 16),
    (17, 'ia', 5, 17),
    (18, 'iao', 5, 18),
    (19, 'ie', 5, 19),
    (20, 'iu', 5, 20),
    (21, 'ian', 5, 21),
    (22, 'in', 5, 22),
    (23, 'iang', 5, 23),
    (24, 'ing', 5, 24),
    (25, 'iong', 5, 25),
    (26, 'u', 5, 26),
    (27, 'ua', 5, 27),
    (28, 'uo', 5, 28),
    (29, 'uai', 5, 29),
    (30, 'ui', 5, 30),
    (31, 'uan', 5, 31),
    (32, 'un', 5, 32),
    (33, 'uang', 5, 33),
    (34, 'ueng', 5, 34),
    (35, 'ü', 5, 35),
    (36, 'ue', 5, 36),
    (37, 'uan', 5, 37),
    (38, 'un', 5, 38),
    (39, 'ā', 1, 1),
    (40, 'ō', 1, 2),
    (41, 'ē', 1, 3),
    (42, 'ī', 1, 4),
    (43, 'ī', 1, 5),
    (44, 'ēr', 1, 6),
    (45, 'āi', 1, 7),
    (46, 'ēi', 1, 8),
    (47, 'āo', 1, 9),
    (48, 'ōu', 1, 10),
    (49, 'ān', 1, 11),
    (50, 'ēn', 1, 12),
    (51, 'āng', 1, 13),
    (52, 'ēng', 1, 14),
    (53, 'ōng', 1, 15),
    (54, 'ī', 1, 16),
    (55, 'iā', 1, 17),
    (56, 'iāo', 1, 18),
    (57, 'iē', 1, 19),
    (58, 'iū', 1, 20),
    (59, 'iān', 1, 21),
    (60, 'īn', 1, 22),
    (61, 'iāng', 1, 23),
    (62, 'īng', 1, 24),
    (63, 'iōng', 1, 25),
    (64, 'ū', 1, 26),
    (65, 'uā', 1, 27),
    (66, 'uō', 1, 28),
    (67, 'uāi', 1, 29),
    (68, 'uī', 1, 30),
    (69, 'uān', 1, 31),
    (70, 'ūn', 1, 32),
    (71, 'uāng', 1, 33),
    (72, 'uēng', 1, 34),
    (73, 'ǖ', 1, 35),
    (74, 'uē', 1, 36),
    (75, 'uān', 1, 37),
    (76, 'ūn', 1, 38),
    (77, 'á', 2, 1),
    (78, 'ó', 2, 2),
    (79, 'é', 2, 3),
    (80, 'í', 2, 4),
    (81, 'í', 2, 5),
    (82, 'ér', 2, 6),
    (83, 'ái', 2, 7),
    (84, 'éi', 2, 8),
    (85, 'áo', 2, 9),
    (86, 'óu', 2, 10),
    (87, 'án', 2, 11),
    (88, 'én', 2, 12),
    (89, 'áng', 2, 13),
    (90, 'éng', 2, 14),
    (91, 'óng', 2, 15),
    (92, 'í', 2, 16),
    (93, 'iá', 2, 17),
    (94, 'iáo', 2, 18),
    (95, 'ié', 2, 19),
    (96, 'iú', 2, 20),
    (97, 'ián', 2, 21),
    (98, 'ín', 2, 22),
    (99, 'iáng', 2, 23),
    (100, 'íng', 2, 24),
    (101, 'ióng', 2, 25),
    (102, 'ú', 2, 26),
    (103, 'uá', 2, 27),
    (104, 'uó', 2, 28),
    (105, 'uái', 2, 29),
    (106, 'uí', 2, 30),
    (107, 'uán', 2, 31),
    (108, 'ún', 2, 32),
    (109, 'uáng', 2, 33),
    (110, 'uéng', 2, 34),
    (111, 'ǘ', 2, 35),
    (112, 'ué', 2, 36),
    (113, 'uán', 2, 37),
    (114, 'ún', 2, 38),
    (115, 'ǎ', 3, 1),
    (116, 'ǒ', 3, 2),
    (117, 'ě', 3, 3),
    (118, 'ǐ', 3, 4),
    (119, 'ǐ', 3, 5),
    (120, 'ěr', 3, 6),
    (121, 'ǎi', 3, 7),
    (122, 'ěi', 3, 8),
    (123, 'ǎo', 3, 9),
    (124, 'ǒu', 3, 10),
    (125, 'ǎn', 3, 11),
    (126, 'ěn', 3, 12),
    (127, 'ǎng', 3, 13),
    (128, 'ěng', 3, 14),
    (129, 'ǒng', 3, 15),
    (130, 'ǐ', 3, 16),
    (131, 'iǎ', 3, 17),
    (132, 'iǎo', 3, 18),
    (133, 'iě', 3, 19),
    (134, 'iǔ', 3, 20),
    (135, 'iǎn', 3, 21),
    (136, 'ǐn', 3, 22),
    (137, 'iǎng', 3, 23),
    (138, 'ǐng', 3, 24),
    (139, 'iǒng', 3, 25),
    (140, 'ǔ', 3, 26),
    (141, 'uǎ', 3, 27),
    (142, 'uǒ', 3, 28),
    (143, 'uǎi', 3, 29),
    (144, 'uǐ', 3, 30),
    (145, 'uǎn', 3, 31),
    (146, 'ǔn', 3, 32),
    (147, 'uǎng', 3, 33),
    (148, 'uěng', 3, 34),
    (149, 'ǚ', 3, 35),
    (150, 'uě', 3, 36),
    (151, 'uǎn', 3, 37),
    (152, 'ǔn', 3, 38),
    (153, 'à', 4, 1),
    (154, 'ò', 4, 2),
    (155, 'è', 4, 3),
    (156, 'ì', 4, 4),
    (157, 'ì', 4, 5),
    (158, 'èr', 4, 6),
    (159, 'ài', 4, 7),
    (160, 'èi', 4, 8),
    (161, 'ào', 4, 9),
    (162, 'òu', 4, 10),
    (163, 'àn', 4, 11),
    (164, 'èn', 4, 12),
    (165, 'àng', 4, 13),
    (166, 'èng', 4, 14),
    (167, 'òng', 4, 15),
    (168, 'ì', 4, 16),
    (169, 'ià', 4, 17),
    (170, 'iào', 4, 18),
    (171, 'iè', 4, 19),
    (172, 'iù', 4, 20),
    (173, 'iàn', 4, 21),
    (174, 'ìn', 4, 22),
    (175, 'iàng', 4, 23),
    (176, 'ìng', 4, 24),
    (177, 'iòng', 4, 25),
    (178, 'ù', 4, 26),
    (179, 'uà', 4, 27),
    (180, 'uò', 4, 28),
    (181, 'uài', 4, 29),
    (182, 'uì', 4, 30),
    (183, 'uàn', 4, 31),
    (184, 'ùn', 4, 32),
    (185, 'uàng', 4, 33),
    (186, 'uèng', 4, 34),
    (187, 'ǜ', 4, 35),
    (188, 'uè', 4, 36),
    (189, 'uàn', 4, 37),
    (190, 'ùn', 4, 38),
    (191, 'yi', 5, 16),
    (192, 'ya', 5, 17),
    (193, 'yao', 5, 18),
    (194, 'ye', 5, 19),
    (195, 'you', 5, 20),
    (196, 'yan', 5, 21),
    (197, 'yin', 5, 22),
    (198, 'yang', 5, 23),
    (199, 'ying', 5, 24),
    (200, 'yong', 5, 25),
    (201, 'wu', 5, 26),
    (202, 'wa', 5, 27),
    (203, 'wo', 5, 28),
    (204, 'wai', 5, 29),
    (205, 'wei', 5, 30),
    (206, 'wan', 5, 31),
    (207, 'wen', 5, 32),
    (208, 'wang', 5, 33),
    (209, 'weng', 5, 34),
    (210, 'yu', 5, 35),
    (211, 'yue', 5, 36),
    (212, 'yuan', 5, 37),
    (213, 'yun', 5, 38),
    (214, 'yī', 1, 16),
    (215, 'yā', 1, 17),
    (216, 'yāo', 1, 18),
    (217, 'yē', 1, 19),
    (218, 'yōu', 1, 20),
    (219, 'yān', 1, 21),
    (220, 'yīn', 1, 22),
    (221, 'yāng', 1, 23),
    (222, 'yīng', 1, 24),
    (223, 'yōng', 1, 25),
    (224, 'wū', 1, 26),
    (225, 'wā', 1, 27),
    (226, 'wō', 1, 28),
    (227, 'wāi', 1, 29),
    (228, 'wēi', 1, 30),
    (229, 'wān', 1, 35),
    (230, 'wēn', 1, 32),
    (231, 'wāng', 1, 33),
    (232, 'wēng', 1, 34),
    (233, 'yū', 1, 35),
    (234, 'yuē', 1, 36),
    (235, 'yuān', 1, 37),
    (236, 'yūn', 1, 38),
    (237, 'yí', 2, 16),
    (238, 'yá', 2, 17),
    (239, 'yáo', 2, 18),
    (240, 'yé', 2, 19),
    (241, 'yóu', 2, 20),
    (242, 'yán', 2, 21),
    (243, 'yín', 2, 22),
    (244, 'yáng', 2, 23),
    (245, 'yíng', 2, 24),
    (246, 'yóng', 2, 25),
    (247, 'wú', 2, 26),
    (248, 'wá', 2, 27),
    (249, 'wó', 2, 28),
    (250, 'wái', 2, 29),
    (251, 'wéi', 2, 30),
    (252, 'wán', 2, 31),
    (253, 'wén', 2, 32),
    (254, 'wáng', 2, 33),
    (255, 'wéng', 2, 34),
    (256, 'yú', 2, 35),
    (257, 'yué', 2, 36),
    (258, 'yuán', 2, 37),
    (259, 'yún', 2, 38),
    (260, 'yǐ', 3, 16),
    (261, 'yǎ', 3, 17),
    (262, 'yǎo', 3, 18),
    (263, 'yě', 3, 19),
    (264, 'yǒu', 3, 20),
    (265, 'yǎn', 3, 21),
    (266, 'yǐn', 3, 22),
    (267, 'yǎng', 3, 23),
    (268, 'yǐng', 3, 24),
    (269, 'yǒng', 3, 25),
    (270, 'wǔ', 3, 26),
    (271, 'wǎ', 3, 27),
    (272, 'wǒ', 3, 28),
    (273, 'wǎi', 3, 29),
    (274, 'wěi', 3, 30),
    (275, 'wǎn', 3, 31),
    (276, 'wěn', 3, 32),
    (277, 'wǎng', 3, 33),
    (278, 'wěng', 3, 34),
    (279, 'yǔ', 3, 35),
    (280, 'yuě', 3, 36),
    (281, 'yuǎn', 3, 37),
    (282, 'yǔn', 3, 38),
    (283, 'yì', 4, 16),
    (284, 'yà', 4, 17),
    (285, 'yào', 4, 18),
    (286, 'yè', 4, 19),
    (287, 'yòu', 4, 20),
    (288, 'yàn', 4, 21),
    (289, 'yìn', 4, 22),
    (290, 'yàng', 4, 23),
    (291, 'yìng', 4, 24),
    (292, 'yòng', 4, 25),
    (293, 'wù', 4, 26),
    (294, 'wà', 4, 27),
    (295, 'wò', 4, 28),
    (296, 'wài', 4, 29),
    (297, 'wèi', 4, 30),
    (298, 'wàn', 4, 31),
    (299, 'wèn', 4, 32),
    (300, 'wàng', 4, 33),
    (301, 'wèng', 4, 34),
    (302, 'yù', 4, 35),
    (303, 'yuè', 4, 36),
    (304, 'yuàn', 4, 37),
    (305, 'yùn', 4, 38);



INSERT INTO initials (id, name, pos) VALUES 
    (1, 'b', 1),
    (2, 'p', 2),
    (3, 'm', 3),
    (4, 'f', 4),
    (5, 'd', 5),
    (6, 't', 6),
    (7, 'n', 7),
    (8, 'l', 8),
    (9, 'g', 9),
    (10, 'k', 10),
    (11, 'h', 11),
    (12, 'z', 12),
    (13, 'c', 13),
    (14, 's', 14),
    (15, 'zh', 15),
    (16, 'ch', 16),
    (17, 'sh', 17),
    (18, 'r', 18),
    (19, 'j', 19),
    (20, 'q', 20),
    (21, 'x', 21);

INSERT INTO pinyin (id, initial_id, final_tone_id) VALUES 
    (1, NULL, 1),
    (2, NULL, 2),
    (3, NULL, 3),
    (4, NULL, 6),
    (5, NULL, 7),
    (6, NULL, 9),
    (7, NULL, 10),
    (8, NULL, 11),
    (9, NULL, 12),
    (10, NULL, 13),
    (11, NULL, 14),
    (12, NULL, 191),
    (13, NULL, 192),
    (14, NULL, 193),
    (15, NULL, 194),
    (16, NULL, 195),
    (17, NULL, 196),
    (18, NULL, 197),
    (19, NULL, 198),
    (20, NULL, 199),
    (21, NULL, 200),
    (22, NULL, 201),
    (23, NULL, 202),
    (24, NULL, 203),
    (25, NULL, 204),
    (26, NULL, 205),
    (27, NULL, 206),
    (28, NULL, 207),
    (29, NULL, 208),
    (30, NULL, 209),
    (31, NULL, 210),
    (32, NULL, 211),
    (33, NULL, 212),
    (34, NULL, 213),
    (35, NULL, 39),
    (36, NULL, 40),
    (37, NULL, 41),
    (38, NULL, 44),
    (39, NULL, 45),
    (40, NULL, 47),
    (41, NULL, 48),
    (42, NULL, 49),
    (43, NULL, 50),
    (44, NULL, 51),
    (45, NULL, 52),
    (46, NULL, 214),
    (47, NULL, 215),
    (48, NULL, 216),
    (49, NULL, 217),
    (50, NULL, 218),
    (51, NULL, 219),
    (52, NULL, 220),
    (53, NULL, 221),
    (54, NULL, 222),
    (55, NULL, 223),
    (56, NULL, 224),
    (57, NULL, 225),
    (58, NULL, 226),
    (59, NULL, 227),
    (60, NULL, 228),
    (61, NULL, 229),
    (62, NULL, 230),
    (63, NULL, 231),
    (64, NULL, 232),
    (65, NULL, 233),
    (66, NULL, 234),
    (67, NULL, 235),
    (68, NULL, 236),
    (69, NULL, 77),
    (70, NULL, 78),
    (71, NULL, 79),
    (72, NULL, 82),
    (73, NULL, 83),
    (74, NULL, 85),
    (75, NULL, 86),
    (76, NULL, 87),
    (77, NULL, 88),
    (78, NULL, 89),
    (79, NULL, 90),
    (80, NULL, 237),
    (81, NULL, 238),
    (82, NULL, 239),
    (83, NULL, 240),
    (84, NULL, 241),
    (85, NULL, 242),
    (86, NULL, 243),
    (87, NULL, 244),
    (88, NULL, 245),
    (89, NULL, 246),
    (90, NULL, 247),
    (91, NULL, 248),
    (92, NULL, 249),
    (93, NULL, 250),
    (94, NULL, 251),
    (95, NULL, 252),
    (96, NULL, 253),
    (97, NULL, 254),
    (98, NULL, 255),
    (99, NULL, 256),
    (100, NULL, 257),
    (101, NULL, 258),
    (102, NULL, 259),
    (103, NULL, 115),
    (104, NULL, 116),
    (105, NULL, 117),
    (106, NULL, 120),
    (107, NULL, 121),
    (108, NULL, 123),
    (109, NULL, 124),
    (110, NULL, 125),
    (111, NULL, 126),
    (112, NULL, 127),
    (113, NULL, 128),
    (114, NULL, 260),
    (115, NULL, 261),
    (116, NULL, 262),
    (117, NULL, 263),
    (118, NULL, 264),
    (119, NULL, 265),
    (120, NULL, 266),
    (121, NULL, 267),
    (122, NULL, 268),
    (123, NULL, 269),
    (124, NULL, 270),
    (125, NULL, 271),
    (126, NULL, 272),
    (127, NULL, 273),
    (128, NULL, 274),
    (129, NULL, 275),
    (130, NULL, 276),
    (131, NULL, 277),
    (132, NULL, 278),
    (133, NULL, 279),
    (134, NULL, 280),
    (135, NULL, 281),
    (136, NULL, 282),
    (137, NULL, 153),
    (138, NULL, 154),
    (139, NULL, 155),
    (140, NULL, 158),
    (141, NULL, 159),
    (142, NULL, 160),
    (143, NULL, 161),
    (144, NULL, 162),
    (145, NULL, 163),
    (146, NULL, 164),
    (147, NULL, 165),
    (148, NULL, 166),
    (149, NULL, 283),
    (150, NULL, 284),
    (151, NULL, 285),
    (152, NULL, 286),
    (153, NULL, 287),
    (154, NULL, 288),
    (155, NULL, 289),
    (156, NULL, 290),
    (157, NULL, 291),
    (158, NULL, 292),
    (159, NULL, 293),
    (160, NULL, 294),
    (161, NULL, 295),
    (162, NULL, 296),
    (163, NULL, 297),
    (164, NULL, 298),
    (165, NULL, 299),
    (166, NULL, 300),
    (167, NULL, 301),
    (168, NULL, 302),
    (169, NULL, 303),
    (170, NULL, 304),
    (171, NULL, 305),
    (172, 1, 1),
    (173, 1, 2),
    (174, 1, 7),
    (175, 1, 8),
    (176, 1, 9),
    (177, 1, 11),
    (178, 1, 12),
    (179, 1, 13),
    (180, 1, 14),
    (181, 1, 18),
    (182, 1, 19),
    (183, 1, 21),
    (184, 1, 22),
    (185, 1, 24),
    (186, 1, 26),
    (187, 1, 16),
    (188, 1, 39),
    (189, 1, 40),
    (190, 1, 45),
    (191, 1, 46),
    (192, 1, 47),
    (193, 1, 49),
    (194, 1, 50),
    (195, 1, 51),
    (196, 1, 52),
    (197, 1, 56),
    (198, 1, 57),
    (199, 1, 59),
    (200, 1, 60),
    (201, 1, 62),
    (202, 1, 64),
    (203, 1, 54),
    (204, 1, 153),
    (205, 1, 154),
    (206, 1, 159),
    (207, 1, 160),
    (208, 1, 161),
    (209, 1, 163),
    (210, 1, 164),
    (211, 1, 165),
    (212, 1, 166),
    (213, 1, 170),
    (214, 1, 171),
    (215, 1, 173),
    (216, 1, 174),
    (217, 1, 176),
    (218, 1, 178),
    (219, 1, 168),
    (220, 1, 115),
    (221, 1, 116),
    (222, 1, 121),
    (223, 1, 122),
    (224, 1, 123),
    (225, 1, 125),
    (226, 1, 126),
    (227, 1, 127),
    (228, 1, 128),
    (229, 1, 132),
    (230, 1, 133),
    (231, 1, 135),
    (232, 1, 136),
    (233, 1, 138),
    (234, 1, 140),
    (235, 1, 130),
    (236, 1, 77),
    (237, 1, 78),
    (238, 1, 83),
    (239, 1, 84),
    (240, 1, 85),
    (241, 1, 87),
    (242, 1, 88),
    (243, 1, 89),
    (244, 1, 90),
    (245, 1, 94),
    (246, 1, 95),
    (247, 1, 97),
    (248, 1, 98),
    (249, 1, 100),
    (250, 1, 102),
    (251, 1, 92),
    (252, 2, 1),
    (253, 2, 2),
    (254, 2, 7),
    (255, 2, 8),
    (256, 2, 9),
    (257, 2, 10),
    (258, 2, 11),
    (259, 2, 12),
    (260, 2, 13),
    (261, 2, 14),
    (262, 2, 18),
    (263, 2, 19),
    (264, 2, 21),
    (265, 2, 22),
    (266, 2, 24),
    (267, 2, 26),
    (268, 2, 16),
    (269, 2, 39),
    (270, 2, 40),
    (271, 2, 45),
    (272, 2, 46),
    (273, 2, 47),
    (274, 2, 48),
    (275, 2, 49),
    (276, 2, 50),
    (277, 2, 51),
    (278, 2, 52),
    (279, 2, 56),
    (280, 2, 57),
    (281, 2, 59),
    (282, 2, 60),
    (283, 2, 62),
    (284, 2, 64),
    (285, 2, 54),
    (286, 2, 77),
    (287, 2, 78),
    (288, 2, 83),
    (289, 2, 84),
    (290, 2, 85),
    (291, 2, 86),
    (292, 2, 87),
    (293, 2, 88),
    (294, 2, 89),
    (295, 2, 90),
    (296, 2, 94),
    (297, 2, 95),
    (298, 2, 97),
    (299, 2, 98),
    (300, 2, 100),
    (301, 2, 102),
    (302, 2, 92),
    (303, 2, 115),
    (304, 2, 116),
    (305, 2, 121),
    (306, 2, 122),
    (307, 2, 123),
    (308, 2, 124),
    (309, 2, 125),
    (310, 2, 126),
    (311, 2, 127),
    (312, 2, 128),
    (313, 2, 132),
    (314, 2, 133),
    (315, 2, 135),
    (316, 2, 136),
    (317, 2, 138),
    (318, 2, 140),
    (319, 2, 130),
    (320, 2, 153),
    (321, 2, 154),
    (322, 2, 159),
    (323, 2, 160),
    (324, 2, 161),
    (325, 2, 162),
    (326, 2, 163),
    (327, 2, 164),
    (328, 2, 165),
    (329, 2, 166),
    (330, 2, 170),
    (331, 2, 171),
    (332, 2, 173),
    (333, 2, 174),
    (334, 2, 176),
    (335, 2, 178),
    (336, 2, 168),
    (337, 3, 1),
    (338, 3, 2),
    (339, 3, 3),
    (340, 3, 7),
    (341, 3, 8),
    (342, 3, 9),
    (343, 3, 10),
    (344, 3, 11),
    (345, 3, 12),
    (346, 3, 13),
    (347, 3, 14),
    (348, 3, 18),
    (349, 3, 19),
    (350, 3, 20),
    (351, 3, 21),
    (352, 3, 22),
    (353, 3, 24),
    (354, 3, 26),
    (355, 3, 16),
    (356, 3, 39),
    (357, 3, 40),
    (358, 3, 41),
    (359, 3, 45),
    (360, 3, 46),
    (361, 3, 47),
    (362, 3, 48),
    (363, 3, 49),
    (364, 3, 50),
    (365, 3, 51),
    (366, 3, 52),
    (367, 3, 56),
    (368, 3, 57),
    (369, 3, 58),
    (370, 3, 59),
    (371, 3, 60),
    (372, 3, 62),
    (373, 3, 64),
    (374, 3, 54),
    (375, 3, 77),
    (376, 3, 78),
    (377, 3, 79),
    (378, 3, 83),
    (379, 3, 84),
    (380, 3, 85),
    (381, 3, 86),
    (382, 3, 87),
    (383, 3, 88),
    (384, 3, 89),
    (385, 3, 90),
    (386, 3, 94),
    (387, 3, 95),
    (388, 3, 96),
    (389, 3, 97),
    (390, 3, 98),
    (391, 3, 100),
    (392, 3, 102),
    (393, 3, 92),
    (394, 3, 115),
    (395, 3, 116),
    (396, 3, 117),
    (397, 3, 121),
    (398, 3, 122),
    (399, 3, 123),
    (400, 3, 124),
    (401, 3, 125),
    (402, 3, 126),
    (403, 3, 127),
    (404, 3, 128),
    (405, 3, 132),
    (406, 3, 133),
    (407, 3, 134),
    (408, 3, 135),
    (409, 3, 136),
    (410, 3, 138),
    (411, 3, 140),
    (412, 3, 130),
    (413, 3, 153),
    (414, 3, 154),
    (415, 3, 155),
    (416, 3, 159),
    (417, 3, 160),
    (418, 3, 161),
    (419, 3, 162),
    (420, 3, 163),
    (421, 3, 164),
    (422, 3, 165),
    (423, 3, 166),
    (424, 3, 170),
    (425, 3, 171),
    (426, 3, 172),
    (427, 3, 173),
    (428, 3, 174),
    (429, 3, 176),
    (430, 3, 178),
    (431, 3, 168),
    (432, 4, 1),
    (433, 4, 2),
    (434, 4, 8),
    (435, 4, 10),
    (436, 4, 11),
    (437, 4, 12),
    (438, 4, 13),
    (439, 4, 14),
    (440, 4, 26),
    (441, 4, 39),
    (442, 4, 40),
    (443, 4, 46),
    (444, 4, 48),
    (445, 4, 49),
    (446, 4, 50),
    (447, 4, 51),
    (448, 4, 52),
    (449, 4, 64),
    (450, 4, 77),
    (451, 4, 78),
    (452, 4, 84),
    (453, 4, 86),
    (454, 4, 87),
    (455, 4, 88),
    (456, 4, 89),
    (457, 4, 90),
    (458, 4, 102),
    (459, 4, 115),
    (460, 4, 116),
    (461, 4, 122),
    (462, 4, 124),
    (463, 4, 125),
    (464, 4, 126),
    (465, 4, 127),
    (466, 4, 128),
    (467, 4, 140),
    (468, 4, 153),
    (469, 4, 154),
    (470, 4, 160),
    (471, 4, 162),
    (472, 4, 163),
    (473, 4, 164),
    (474, 4, 165),
    (475, 4, 166),
    (476, 4, 178),
    (477, 5, 1),
    (478, 5, 3),
    (479, 5, 7),
    (480, 5, 8),
    (481, 5, 9),
    (482, 5, 10),
    (483, 5, 11),
    (484, 5, 12),
    (485, 5, 13),
    (486, 5, 14),
    (487, 5, 15),
    (488, 5, 18),
    (489, 5, 19),
    (490, 5, 20),
    (491, 5, 21),
    (492, 5, 24),
    (493, 5, 26),
    (494, 5, 28),
    (495, 5, 30),
    (496, 5, 31),
    (497, 5, 32),
    (498, 5, 16),
    (499, 5, 39),
    (500, 5, 41),
    (501, 5, 45),
    (502, 5, 46),
    (503, 5, 47),
    (504, 5, 48),
    (505, 5, 49),
    (506, 5, 50),
    (507, 5, 51),
    (508, 5, 52),
    (509, 5, 53),
    (510, 5, 56),
    (511, 5, 57),
    (512, 5, 58),
    (513, 5, 59),
    (514, 5, 62),
    (515, 5, 64),
    (516, 5, 66),
    (517, 5, 68),
    (518, 5, 69),
    (519, 5, 70),
    (520, 5, 54),
    (521, 5, 77),
    (522, 5, 79),
    (523, 5, 83),
    (524, 5, 84),
    (525, 5, 85),
    (526, 5, 86),
    (527, 5, 87),
    (528, 5, 88),
    (529, 5, 89),
    (530, 5, 90),
    (531, 5, 91),
    (532, 5, 94),
    (533, 5, 95),
    (534, 5, 96),
    (535, 5, 97),
    (536, 5, 100),
    (537, 5, 102),
    (538, 5, 104),
    (539, 5, 106),
    (540, 5, 107),
    (541, 5, 108),
    (542, 5, 92),
    (543, 5, 115),
    (544, 5, 117),
    (545, 5, 121),
    (546, 5, 122),
    (547, 5, 123),
    (548, 5, 124),
    (549, 5, 125),
    (550, 5, 126),
    (551, 5, 127),
    (552, 5, 128),
    (553, 5, 129),
    (554, 5, 132),
    (555, 5, 133),
    (556, 5, 134),
    (557, 5, 135),
    (558, 5, 138),
    (559, 5, 140),
    (560, 5, 142),
    (561, 5, 144),
    (562, 5, 145),
    (563, 5, 146),
    (564, 5, 130),
    (565, 5, 153),
    (566, 5, 155),
    (567, 5, 159),
    (568, 5, 160),
    (569, 5, 161),
    (570, 5, 162),
    (571, 5, 163),
    (572, 5, 164),
    (573, 5, 165),
    (574, 5, 166),
    (575, 5, 167),
    (576, 5, 170),
    (577, 5, 171),
    (578, 5, 172),
    (579, 5, 173),
    (580, 5, 176),
    (581, 5, 178),
    (582, 5, 180),
    (583, 5, 182),
    (584, 5, 183),
    (585, 5, 184),
    (586, 5, 168),
    (587, 6, 1),
    (588, 6, 3),
    (589, 6, 7),
    (590, 6, 8),
    (591, 6, 9),
    (592, 6, 10),
    (593, 6, 11),
    (594, 6, 13),
    (595, 6, 14),
    (596, 6, 15),
    (597, 6, 18),
    (598, 6, 19),
    (599, 6, 21),
    (600, 6, 24),
    (601, 6, 26),
    (602, 6, 28),
    (603, 6, 30),
    (604, 6, 31),
    (605, 6, 32),
    (606, 6, 16),
    (607, 6, 39),
    (608, 6, 41),
    (609, 6, 45),
    (610, 6, 46),
    (611, 6, 47),
    (612, 6, 48),
    (613, 6, 49),
    (614, 6, 51),
    (615, 6, 52),
    (616, 6, 53),
    (617, 6, 56),
    (618, 6, 57),
    (619, 6, 59),
    (620, 6, 62),
    (621, 6, 64),
    (622, 6, 66),
    (623, 6, 68),
    (624, 6, 69),
    (625, 6, 70),
    (626, 6, 54),
    (627, 6, 77),
    (628, 6, 79),
    (629, 6, 83),
    (630, 6, 84),
    (631, 6, 85),
    (632, 6, 86),
    (633, 6, 87),
    (634, 6, 89),
    (635, 6, 90),
    (636, 6, 91),
    (637, 6, 94),
    (638, 6, 95),
    (639, 6, 97),
    (640, 6, 100),
    (641, 6, 102),
    (642, 6, 104),
    (643, 6, 106),
    (644, 6, 107),
    (645, 6, 108),
    (646, 6, 92),
    (647, 6, 115),
    (648, 6, 117),
    (649, 6, 121),
    (650, 6, 122),
    (651, 6, 123),
    (652, 6, 124),
    (653, 6, 125),
    (654, 6, 127),
    (655, 6, 128),
    (656, 6, 129),
    (657, 6, 132),
    (658, 6, 133),
    (659, 6, 135),
    (660, 6, 138),
    (661, 6, 140),
    (662, 6, 142),
    (663, 6, 144),
    (664, 6, 145),
    (665, 18, 146),
    (666, 6, 130),
    (667, 6, 153),
    (668, 6, 155),
    (669, 6, 159),
    (670, 6, 160),
    (671, 6, 161),
    (672, 6, 162),
    (673, 6, 163),
    (674, 6, 165),
    (675, 6, 166),
    (676, 6, 167),
    (677, 6, 170),
    (678, 6, 171),
    (679, 6, 173),
    (680, 6, 176),
    (681, 6, 178),
    (682, 6, 180),
    (683, 6, 182),
    (684, 6, 183),
    (685, 6, 184),
    (686, 6, 168),
    (687, 7, 1),
    (688, 7, 3),
    (689, 7, 7),
    (690, 7, 8),
    (691, 7, 9),
    (692, 7, 10),
    (693, 7, 11),
    (694, 7, 12),
    (695, 7, 13),
    (696, 7, 14),
    (697, 7, 15),
    (698, 7, 18),
    (699, 7, 19),
    (700, 7, 20),
    (701, 7, 21),
    (702, 7, 22),
    (703, 7, 23),
    (704, 7, 24),
    (705, 7, 26),
    (706, 7, 28),
    (707, 7, 35),
    (708, 7, 36),
    (709, 7, 31),
    (710, 7, 16),
    (711, 7, 39),
    (712, 7, 41),
    (713, 7, 45),
    (714, 7, 46),
    (715, 7, 47),
    (716, 7, 48),
    (717, 7, 49),
    (718, 7, 50),
    (719, 7, 51),
    (720, 7, 52),
    (721, 7, 53),
    (722, 7, 56),
    (723, 7, 57),
    (724, 7, 58),
    (725, 7, 59),
    (726, 7, 60),
    (727, 7, 61),
    (728, 7, 62),
    (729, 7, 64),
    (730, 7, 66),
    (731, 7, 73),
    (732, 7, 74),
    (733, 7, 69),
    (734, 7, 54),
    (735, 7, 77),
    (736, 7, 79),
    (737, 7, 83),
    (738, 7, 84),
    (739, 7, 85),
    (740, 7, 86),
    (741, 7, 87),
    (742, 7, 88),
    (743, 7, 89),
    (744, 7, 90),
    (745, 7, 91),
    (746, 7, 94),
    (747, 7, 95),
    (748, 7, 96),
    (749, 7, 97),
    (750, 7, 98),
    (751, 7, 99),
    (752, 7, 100),
    (753, 7, 102),
    (754, 7, 104),
    (755, 7, 111),
    (756, 7, 112),
    (757, 7, 107),
    (758, 7, 92),
    (759, 7, 115),
    (760, 7, 117),
    (761, 7, 121),
    (762, 7, 122),
    (763, 7, 123),
    (764, 7, 124),
    (765, 7, 125),
    (766, 7, 126),
    (767, 7, 127),
    (768, 7, 128),
    (769, 7, 129),
    (770, 7, 132),
    (771, 7, 133),
    (772, 7, 134),
    (773, 7, 135),
    (774, 7, 136),
    (775, 7, 137),
    (776, 7, 138),
    (777, 7, 140),
    (778, 7, 142),
    (779, 7, 149),
    (780, 7, 150),
    (781, 7, 145),
    (782, 7, 130),
    (783, 7, 153),
    (784, 7, 155),
    (785, 7, 159),
    (786, 7, 160),
    (787, 7, 161),
    (788, 7, 162),
    (789, 7, 163),
    (790, 7, 164),
    (791, 7, 165),
    (792, 7, 166),
    (793, 7, 167),
    (794, 7, 170),
    (795, 7, 171),
    (796, 7, 172),
    (797, 7, 173),
    (798, 7, 174),
    (799, 7, 175),
    (800, 7, 176),
    (801, 7, 178),
    (802, 7, 180),
    (803, 7, 187),
    (804, 7, 188),
    (805, 7, 183),
    (806, 7, 168),
    (807, 8, 1),
    (808, 8, 3),
    (809, 8, 7),
    (810, 8, 8),
    (811, 8, 9),
    (812, 8, 10),
    (813, 8, 11),
    (814, 8, 13),
    (815, 8, 14),
    (816, 8, 15),
    (817, 8, 17),
    (818, 8, 18),
    (819, 8, 19),
    (820, 8, 20),
    (821, 8, 21),
    (822, 8, 22),
    (823, 8, 23),
    (824, 8, 24),
    (825, 8, 26),
    (826, 8, 28),
    (827, 8, 32),
    (828, 8, 31),
    (829, 8, 35),
    (830, 8, 36),
    (831, 8, 16),
    (832, 8, 39),
    (833, 8, 41),
    (834, 8, 45),
    (835, 8, 46),
    (836, 8, 47),
    (837, 8, 48),
    (838, 8, 49),
    (839, 8, 51),
    (840, 8, 52),
    (841, 8, 53),
    (842, 8, 55),
    (843, 8, 56),
    (844, 8, 57),
    (845, 8, 58),
    (846, 8, 59),
    (847, 8, 60),
    (848, 8, 61),
    (849, 8, 62),
    (850, 8, 64),
    (851, 8, 66),
    (852, 8, 69),
    (853, 8, 70),
    (854, 8, 73),
    (855, 8, 74),
    (856, 8, 54),
    (857, 8, 77),
    (858, 8, 79),
    (859, 8, 83),
    (860, 8, 84),
    (861, 8, 85),
    (862, 8, 86),
    (863, 8, 87),
    (864, 8, 89),
    (865, 8, 90),
    (866, 8, 91),
    (867, 8, 93),
    (868, 8, 94),
    (869, 8, 95),
    (870, 8, 96),
    (871, 8, 97),
    (872, 8, 98),
    (873, 8, 99),
    (874, 8, 100),
    (875, 8, 102),
    (876, 8, 104),
    (877, 8, 107),
    (878, 8, 108),
    (879, 8, 111),
    (880, 8, 112),
    (881, 8, 92),
    (882, 8, 115),
    (883, 8, 117),
    (884, 8, 121),
    (885, 8, 122),
    (886, 8, 123),
    (887, 8, 124),
    (888, 8, 125),
    (889, 8, 127),
    (890, 8, 128),
    (891, 8, 129),
    (892, 8, 131),
    (893, 8, 132),
    (894, 8, 133),
    (895, 8, 134),
    (896, 8, 135),
    (897, 8, 136),
    (898, 8, 137),
    (899, 8, 138),
    (900, 8, 140),
    (901, 8, 142),
    (902, 8, 145),
    (903, 8, 146),
    (904, 8, 149),
    (905, 8, 150),
    (906, 8, 130),
    (907, 8, 153),
    (908, 8, 155),
    (909, 8, 159),
    (910, 8, 160),
    (911, 8, 161),
    (912, 8, 162),
    (913, 8, 163),
    (914, 8, 165),
    (915, 8, 166),
    (916, 8, 167),
    (917, 8, 169),
    (918, 8, 170),
    (919, 8, 171),
    (920, 8, 172),
    (921, 8, 173),
    (922, 8, 174),
    (923, 8, 175),
    (924, 8, 176),
    (925, 8, 178),
    (926, 8, 180),
    (927, 8, 183),
    (928, 8, 184),
    (929, 8, 187),
    (930, 8, 188),
    (931, 8, 168),
    (932, 9, 1),
    (933, 9, 3),
    (934, 9, 7),
    (935, 9, 8),
    (936, 9, 9),
    (937, 9, 10),
    (938, 9, 11),
    (939, 9, 12),
    (940, 9, 13),
    (941, 9, 14),
    (942, 9, 15),
    (943, 9, 26),
    (944, 9, 27),
    (945, 9, 28),
    (946, 9, 29),
    (947, 9, 30),
    (948, 9, 31),
    (949, 9, 32),
    (950, 9, 33),
    (951, 9, 39),
    (952, 9, 41),
    (953, 9, 45),
    (954, 9, 46),
    (955, 9, 47),
    (956, 9, 48),
    (957, 9, 49),
    (958, 9, 50),
    (959, 9, 51),
    (960, 9, 52),
    (961, 9, 53),
    (962, 9, 64),
    (963, 9, 65),
    (964, 9, 66),
    (965, 9, 67),
    (966, 9, 68),
    (967, 9, 69),
    (968, 9, 70),
    (969, 9, 71),
    (970, 9, 77),
    (971, 9, 79),
    (972, 9, 83),
    (973, 9, 84),
    (974, 9, 85),
    (975, 9, 86),
    (976, 9, 87),
    (977, 9, 88),
    (978, 9, 89),
    (979, 9, 90),
    (980, 9, 91),
    (981, 9, 102),
    (982, 9, 103),
    (983, 9, 104),
    (984, 9, 105),
    (985, 9, 106),
    (986, 9, 107),
    (987, 9, 108),
    (988, 9, 109),
    (989, 9, 115),
    (990, 9, 117),
    (991, 9, 121),
    (992, 9, 122),
    (993, 9, 123),
    (994, 9, 124),
    (995, 9, 125),
    (996, 9, 126),
    (997, 9, 127),
    (998, 9, 128),
    (999, 9, 129),
    (1000, 9, 140),
    (1001, 9, 141),
    (1002, 9, 142),
    (1003, 9, 143),
    (1004, 9, 144),
    (1005, 9, 145),
    (1006, 9, 146),
    (1007, 9, 147),
    (1008, 9, 153),
    (1009, 9, 155),
    (1010, 9, 159),
    (1011, 9, 160),
    (1012, 9, 161),
    (1013, 9, 162),
    (1014, 9, 163),
    (1015, 9, 164),
    (1016, 9, 165),
    (1017, 9, 166),
    (1018, 9, 167),
    (1019, 9, 178),
    (1020, 9, 179),
    (1021, 9, 180),
    (1022, 9, 181),
    (1023, 9, 182),
    (1024, 9, 183),
    (1025, 9, 184),
    (1026, 9, 185),
    (1027, 10, 1),
    (1028, 10, 3),
    (1029, 10, 7),
    (1030, 10, 8),
    (1031, 10, 9),
    (1032, 10, 10),
    (1033, 10, 11),
    (1034, 10, 12),
    (1035, 10, 13),
    (1036, 10, 14),
    (1037, 10, 15),
    (1038, 10, 26),
    (1039, 10, 27),
    (1040, 10, 28),
    (1041, 10, 29),
    (1042, 10, 30),
    (1043, 10, 31),
    (1044, 10, 32),
    (1045, 10, 33),
    (1046, 10, 39),
    (1047, 10, 41),
    (1048, 10, 45),
    (1049, 10, 46),
    (1050, 10, 47),
    (1051, 10, 48),
    (1052, 10, 49),
    (1053, 10, 50),
    (1054, 10, 51),
    (1055, 10, 52),
    (1056, 10, 53),
    (1057, 10, 64),
    (1058, 10, 65),
    (1059, 10, 66),
    (1060, 10, 67),
    (1061, 10, 68),
    (1062, 10, 69),
    (1063, 10, 70),
    (1064, 10, 71),
    (1065, 10, 77),
    (1066, 10, 79),
    (1067, 10, 83),
    (1068, 10, 84),
    (1069, 10, 85),
    (1070, 10, 86),
    (1071, 10, 87),
    (1072, 10, 88),
    (1073, 10, 89),
    (1074, 10, 90),
    (1075, 10, 91),
    (1076, 10, 102),
    (1077, 10, 103),
    (1078, 10, 104),
    (1079, 10, 105),
    (1080, 10, 106),
    (1081, 10, 107),
    (1082, 10, 108),
    (1083, 10, 109),
    (1084, 10, 115),
    (1085, 10, 117),
    (1086, 10, 121),
    (1087, 10, 122),
    (1088, 10, 123),
    (1089, 10, 124),
    (1090, 10, 125),
    (1091, 10, 126),
    (1092, 10, 127),
    (1093, 10, 128),
    (1094, 10, 129),
    (1095, 10, 140),
    (1096, 10, 141),
    (1097, 10, 142),
    (1098, 10, 143),
    (1099, 10, 144),
    (1100, 10, 145),
    (1101, 10, 146),
    (1102, 10, 147),
    (1103, 10, 153),
    (1104, 10, 155),
    (1105, 10, 159),
    (1106, 10, 160),
    (1107, 10, 161),
    (1108, 10, 162),
    (1109, 10, 163),
    (1110, 10, 164),
    (1111, 10, 165),
    (1112, 10, 166),
    (1113, 10, 167),
    (1114, 10, 178),
    (1115, 10, 179),
    (1116, 10, 180),
    (1117, 10, 181),
    (1118, 10, 182),
    (1119, 10, 183),
    (1120, 10, 184),
    (1121, 10, 185),
    (1122, 11, 1),
    (1123, 11, 3),
    (1124, 11, 7),
    (1125, 11, 8),
    (1126, 11, 9),
    (1127, 11, 10),
    (1128, 11, 11),
    (1129, 11, 12),
    (1130, 11, 13),
    (1131, 11, 14),
    (1132, 11, 15),
    (1133, 11, 26),
    (1134, 11, 27),
    (1135, 11, 28),
    (1136, 11, 29),
    (1137, 11, 30),
    (1138, 11, 31),
    (1139, 11, 32),
    (1140, 11, 33),
    (1141, 11, 39),
    (1142, 11, 41),
    (1143, 11, 45),
    (1144, 11, 46),
    (1145, 11, 47),
    (1146, 11, 48),
    (1147, 11, 49),
    (1148, 11, 50),
    (1149, 11, 51),
    (1150, 11, 52),
    (1151, 11, 53),
    (1152, 11, 64),
    (1153, 11, 65),
    (1154, 11, 66),
    (1155, 11, 67),
    (1156, 11, 68),
    (1157, 11, 69),
    (1158, 11, 70),
    (1159, 11, 71),
    (1160, 11, 77),
    (1161, 11, 79),
    (1162, 11, 83),
    (1163, 11, 84),
    (1164, 11, 85),
    (1165, 11, 86),
    (1166, 11, 87),
    (1167, 11, 88),
    (1168, 11, 89),
    (1169, 11, 90),
    (1170, 11, 91),
    (1171, 11, 102),
    (1172, 11, 103),
    (1173, 11, 104),
    (1174, 11, 105),
    (1175, 11, 106),
    (1176, 11, 107),
    (1177, 11, 108),
    (1178, 11, 109),
    (1179, 11, 115),
    (1180, 11, 117),
    (1181, 11, 121),
    (1182, 11, 122),
    (1183, 11, 123),
    (1184, 11, 124),
    (1185, 11, 125),
    (1186, 11, 126),
    (1187, 11, 127),
    (1188, 11, 128),
    (1189, 11, 129),
    (1190, 11, 140),
    (1191, 11, 141),
    (1192, 11, 142),
    (1193, 11, 143),
    (1194, 11, 144),
    (1195, 11, 145),
    (1196, 11, 146),
    (1197, 11, 147),
    (1198, 11, 153),
    (1199, 11, 155),
    (1200, 11, 159),
    (1201, 11, 160),
    (1202, 11, 161),
    (1203, 11, 162),
    (1204, 11, 163),
    (1205, 11, 164),
    (1206, 11, 165),
    (1207, 11, 166),
    (1208, 11, 167),
    (1209, 11, 178),
    (1210, 11, 179),
    (1211, 11, 180),
    (1212, 11, 181),
    (1213, 11, 182),
    (1214, 11, 183),
    (1215, 11, 184),
    (1216, 11, 185),
    (1217, 12, 1),
    (1218, 12, 3),
    (1219, 12, 7),
    (1220, 12, 8),
    (1221, 12, 9),
    (1222, 12, 10),
    (1223, 12, 11),
    (1224, 12, 12),
    (1225, 12, 13),
    (1226, 12, 14),
    (1227, 12, 15),
    (1228, 12, 26),
    (1229, 12, 28),
    (1230, 12, 30),
    (1231, 12, 31),
    (1232, 12, 32),
    (1233, 12, 4),
    (1234, 12, 39),
    (1235, 12, 41),
    (1236, 12, 45),
    (1237, 12, 46),
    (1238, 12, 47),
    (1239, 12, 48),
    (1240, 12, 49),
    (1241, 12, 50),
    (1242, 12, 51),
    (1243, 12, 52),
    (1244, 12, 53),
    (1245, 12, 64),
    (1246, 12, 66),
    (1247, 12, 68),
    (1248, 12, 69),
    (1249, 12, 70),
    (1250, 12, 42),
    (1251, 12, 77),
    (1252, 12, 79),
    (1253, 12, 83),
    (1254, 12, 84),
    (1255, 12, 85),
    (1256, 12, 86),
    (1257, 12, 87),
    (1258, 12, 88),
    (1259, 12, 89),
    (1260, 12, 90),
    (1261, 12, 91),
    (1262, 12, 102),
    (1263, 12, 104),
    (1264, 12, 106),
    (1265, 12, 107),
    (1266, 12, 108),
    (1267, 12, 80),
    (1268, 12, 115),
    (1269, 12, 117),
    (1270, 12, 121),
    (1271, 12, 122),
    (1272, 12, 123),
    (1273, 12, 124),
    (1274, 12, 125),
    (1275, 12, 126),
    (1276, 12, 127),
    (1277, 12, 128),
    (1278, 12, 129),
    (1279, 12, 140),
    (1280, 12, 142),
    (1281, 12, 144),
    (1282, 12, 145),
    (1283, 12, 146),
    (1284, 12, 118),
    (1285, 12, 153),
    (1286, 12, 155),
    (1287, 12, 159),
    (1288, 12, 160),
    (1289, 12, 161),
    (1290, 12, 162),
    (1291, 12, 163),
    (1292, 12, 164),
    (1293, 12, 165),
    (1294, 12, 166),
    (1295, 12, 167),
    (1296, 12, 178),
    (1297, 12, 180),
    (1298, 12, 182),
    (1299, 12, 183),
    (1300, 12, 184),
    (1301, 12, 156),
    (1302, 13, 1),
    (1303, 13, 3),
    (1304, 13, 7),
    (1305, 13, 9),
    (1306, 13, 10),
    (1307, 13, 11),
    (1308, 13, 12),
    (1309, 13, 13),
    (1310, 13, 14),
    (1311, 13, 15),
    (1312, 13, 26),
    (1313, 13, 28),
    (1314, 13, 30),
    (1315, 13, 31),
    (1316, 13, 32),
    (1317, 13, 4),
    (1318, 13, 39),
    (1319, 13, 41),
    (1320, 13, 46),
    (1321, 13, 47),
    (1322, 13, 48),
    (1323, 13, 49),
    (1324, 13, 50),
    (1325, 13, 51),
    (1326, 13, 52),
    (1327, 13, 53),
    (1328, 13, 64),
    (1329, 13, 66),
    (1330, 13, 68),
    (1331, 13, 69),
    (1332, 13, 70),
    (1333, 13, 42),
    (1334, 13, 77),
    (1335, 13, 79),
    (1336, 13, 83),
    (1337, 13, 85),
    (1338, 13, 86),
    (1339, 13, 87),
    (1340, 13, 88),
    (1341, 13, 89),
    (1342, 13, 90),
    (1343, 13, 91),
    (1344, 13, 102),
    (1345, 13, 104),
    (1346, 13, 106),
    (1347, 13, 107),
    (1348, 13, 108),
    (1349, 13, 80),
    (1350, 13, 115),
    (1351, 13, 117),
    (1352, 13, 121),
    (1353, 13, 123),
    (1354, 13, 124),
    (1355, 13, 125),
    (1356, 13, 126),
    (1357, 13, 127),
    (1358, 13, 128),
    (1359, 13, 129),
    (1360, 13, 140),
    (1361, 13, 142),
    (1362, 13, 144),
    (1363, 13, 145),
    (1364, 13, 146),
    (1365, 13, 118),
    (1366, 13, 153),
    (1367, 13, 155),
    (1368, 13, 159),
    (1369, 13, 161),
    (1370, 13, 162),
    (1371, 13, 163),
    (1372, 13, 164),
    (1373, 13, 165),
    (1374, 13, 166),
    (1375, 13, 167),
    (1376, 13, 178),
    (1377, 13, 180),
    (1378, 13, 182),
    (1379, 13, 183),
    (1380, 13, 184),
    (1381, 13, 156),
    (1382, 14, 1),
    (1383, 14, 3),
    (1384, 14, 7),
    (1385, 14, 9),
    (1386, 14, 10),
    (1387, 14, 11),
    (1388, 14, 12),
    (1389, 14, 13),
    (1390, 14, 14),
    (1391, 14, 15),
    (1392, 14, 26),
    (1393, 14, 28),
    (1394, 14, 30),
    (1395, 14, 31),
    (1396, 14, 32),
    (1397, 14, 4),
    (1398, 14, 39),
    (1399, 14, 41),
    (1400, 14, 46),
    (1401, 14, 47),
    (1402, 14, 48),
    (1403, 14, 49),
    (1404, 14, 50),
    (1405, 14, 51),
    (1406, 14, 52),
    (1407, 14, 53),
    (1408, 14, 64),
    (1409, 14, 66),
    (1410, 14, 68),
    (1411, 14, 69),
    (1412, 14, 70),
    (1413, 14, 42),
    (1414, 14, 77),
    (1415, 14, 79),
    (1416, 14, 83),
    (1417, 14, 85),
    (1418, 14, 86),
    (1419, 14, 87),
    (1420, 14, 88),
    (1421, 14, 89),
    (1422, 14, 90),
    (1423, 14, 91),
    (1424, 14, 102),
    (1425, 14, 104),
    (1426, 14, 106),
    (1427, 14, 107),
    (1428, 14, 108),
    (1429, 14, 80),
    (1430, 14, 115),
    (1431, 14, 117),
    (1432, 14, 121),
    (1433, 14, 123),
    (1434, 14, 124),
    (1435, 14, 125),
    (1436, 14, 126),
    (1437, 14, 127),
    (1438, 14, 128),
    (1439, 14, 129),
    (1440, 14, 140),
    (1441, 14, 142),
    (1442, 14, 144),
    (1443, 14, 145),
    (1444, 14, 146),
    (1445, 14, 118),
    (1446, 14, 153),
    (1447, 14, 155),
    (1448, 14, 159),
    (1449, 14, 161),
    (1450, 14, 162),
    (1451, 14, 163),
    (1452, 14, 164),
    (1453, 14, 165),
    (1454, 14, 166),
    (1455, 14, 167),
    (1456, 14, 178),
    (1457, 14, 180),
    (1458, 14, 182),
    (1459, 14, 183),
    (1460, 14, 184),
    (1461, 14, 156),
    (1462, 15, 1),
    (1463, 15, 3),
    (1464, 15, 7),
    (1465, 15, 8),
    (1466, 15, 9),
    (1467, 15, 10),
    (1468, 15, 11),
    (1469, 15, 12),
    (1470, 15, 13),
    (1471, 15, 14),
    (1472, 15, 15),
    (1473, 15, 26),
    (1474, 15, 27),
    (1475, 15, 28),
    (1476, 15, 29),
    (1477, 15, 30),
    (1478, 15, 31),
    (1479, 15, 32),
    (1480, 15, 33),
    (1481, 15, 5),
    (1482, 15, 39),
    (1483, 15, 41),
    (1484, 15, 45),
    (1485, 15, 46),
    (1486, 15, 47),
    (1487, 15, 48),
    (1488, 15, 49),
    (1489, 15, 50),
    (1490, 15, 51),
    (1491, 15, 52),
    (1492, 15, 53),
    (1493, 15, 64),
    (1494, 15, 65),
    (1495, 15, 66),
    (1496, 15, 67),
    (1497, 15, 68),
    (1498, 15, 69),
    (1499, 15, 70),
    (1500, 15, 71),
    (1501, 15, 43),
    (1502, 15, 77),
    (1503, 15, 79),
    (1504, 15, 83),
    (1505, 15, 84),
    (1506, 15, 85),
    (1507, 15, 86),
    (1508, 15, 87),
    (1509, 15, 88),
    (1510, 15, 89),
    (1511, 15, 90),
    (1512, 15, 91),
    (1513, 15, 102),
    (1514, 15, 103),
    (1515, 15, 104),
    (1516, 15, 105),
    (1517, 15, 106),
    (1518, 15, 107),
    (1519, 15, 108),
    (1520, 15, 109),
    (1521, 15, 81),
    (1522, 15, 115),
    (1523, 15, 117),
    (1524, 15, 121),
    (1525, 15, 122),
    (1526, 15, 123),
    (1527, 15, 124),
    (1528, 15, 125),
    (1529, 15, 126),
    (1530, 15, 127),
    (1531, 15, 128),
    (1532, 15, 129),
    (1533, 15, 140),
    (1534, 15, 141),
    (1535, 15, 142),
    (1536, 15, 143),
    (1537, 15, 144),
    (1538, 15, 145),
    (1539, 15, 146),
    (1540, 15, 147),
    (1541, 15, 119),
    (1542, 15, 153),
    (1543, 15, 155),
    (1544, 15, 159),
    (1545, 15, 160),
    (1546, 15, 161),
    (1547, 15, 162),
    (1548, 15, 163),
    (1549, 15, 164),
    (1550, 15, 165),
    (1551, 15, 166),
    (1552, 15, 167),
    (1553, 15, 178),
    (1554, 15, 179),
    (1555, 15, 180),
    (1556, 15, 181),
    (1557, 15, 182),
    (1558, 15, 183),
    (1559, 15, 184),
    (1560, 15, 185),
    (1561, 15, 157),
    (1562, 16, 1),
    (1563, 16, 3),
    (1564, 16, 7),
    (1565, 16, 9),
    (1566, 16, 10),
    (1567, 16, 11),
    (1568, 16, 12),
    (1569, 16, 13),
    (1570, 16, 14),
    (1571, 16, 15),
    (1572, 16, 26),
    (1573, 16, 27),
    (1574, 16, 28),
    (1575, 16, 29),
    (1576, 16, 30),
    (1577, 16, 31),
    (1578, 16, 32),
    (1579, 16, 33),
    (1580, 16, 5),
    (1581, 16, 39),
    (1582, 16, 41),
    (1583, 16, 45),
    (1584, 16, 47),
    (1585, 16, 48),
    (1586, 16, 49),
    (1587, 16, 50),
    (1588, 16, 51),
    (1589, 16, 52),
    (1590, 16, 53),
    (1591, 16, 64),
    (1592, 16, 65),
    (1593, 16, 66),
    (1594, 16, 67),
    (1595, 16, 68),
    (1596, 16, 69),
    (1597, 16, 70),
    (1598, 16, 71),
    (1599, 16, 43),
    (1600, 16, 77),
    (1601, 16, 79),
    (1602, 16, 83),
    (1603, 16, 85),
    (1604, 16, 86),
    (1605, 16, 87),
    (1606, 16, 88),
    (1607, 16, 89),
    (1608, 16, 90),
    (1609, 16, 91),
    (1610, 16, 102),
    (1611, 16, 103),
    (1612, 16, 104),
    (1613, 16, 105),
    (1614, 16, 106),
    (1615, 16, 107),
    (1616, 16, 108),
    (1617, 16, 109),
    (1618, 16, 81),
    (1619, 16, 115),
    (1620, 16, 117),
    (1621, 16, 121),
    (1622, 16, 123),
    (1623, 16, 124),
    (1624, 16, 125),
    (1625, 16, 126),
    (1626, 16, 127),
    (1627, 16, 128),
    (1628, 16, 129),
    (1629, 16, 140),
    (1630, 16, 141),
    (1631, 16, 142),
    (1632, 16, 143),
    (1633, 16, 144),
    (1634, 16, 145),
    (1635, 16, 146),
    (1636, 16, 147),
    (1637, 16, 119),
    (1638, 16, 153),
    (1639, 16, 155),
    (1640, 16, 159),
    (1641, 16, 161),
    (1642, 16, 162),
    (1643, 16, 163),
    (1644, 16, 164),
    (1645, 16, 165),
    (1646, 16, 166),
    (1647, 16, 167),
    (1648, 16, 178),
    (1649, 16, 179),
    (1650, 16, 180),
    (1651, 16, 181),
    (1652, 16, 182),
    (1653, 16, 183),
    (1654, 16, 184),
    (1655, 16, 185),
    (1656, 16, 157),
    (1657, 17, 1),
    (1658, 17, 3),
    (1659, 17, 7),
    (1660, 17, 8),
    (1661, 17, 9),
    (1662, 17, 10),
    (1663, 17, 11),
    (1664, 17, 12),
    (1665, 17, 13),
    (1666, 17, 14),
    (1667, 17, 26),
    (1668, 17, 27),
    (1669, 17, 28),
    (1670, 17, 29),
    (1671, 17, 30),
    (1672, 17, 31),
    (1673, 17, 32),
    (1674, 17, 33),
    (1675, 17, 5),
    (1676, 17, 39),
    (1677, 17, 41),
    (1678, 17, 45),
    (1679, 17, 46),
    (1680, 17, 47),
    (1681, 17, 48),
    (1682, 17, 49),
    (1683, 17, 50),
    (1684, 17, 51),
    (1685, 17, 52),
    (1686, 17, 64),
    (1687, 17, 65),
    (1688, 17, 66),
    (1689, 17, 67),
    (1690, 17, 68),
    (1691, 17, 69),
    (1692, 17, 70),
    (1693, 17, 71),
    (1694, 17, 43),
    (1695, 17, 77),
    (1696, 17, 79),
    (1697, 17, 83),
    (1698, 17, 84),
    (1699, 17, 85),
    (1700, 17, 86),
    (1701, 17, 87),
    (1702, 17, 88),
    (1703, 17, 89),
    (1704, 17, 90),
    (1705, 17, 102),
    (1706, 17, 103),
    (1707, 17, 104),
    (1708, 17, 105),
    (1709, 17, 106),
    (1710, 17, 107),
    (1711, 17, 108),
    (1712, 17, 109),
    (1713, 17, 81),
    (1714, 17, 115),
    (1715, 17, 117),
    (1716, 17, 121),
    (1717, 17, 122),
    (1718, 17, 123),
    (1719, 17, 124),
    (1720, 17, 125),
    (1721, 17, 126),
    (1722, 17, 127),
    (1723, 17, 128),
    (1724, 17, 140),
    (1725, 17, 141),
    (1726, 17, 142),
    (1727, 17, 143),
    (1728, 17, 144),
    (1729, 17, 145),
    (1730, 17, 146),
    (1731, 17, 147),
    (1732, 17, 119),
    (1733, 17, 153),
    (1734, 17, 155),
    (1735, 17, 159),
    (1736, 17, 160),
    (1737, 17, 161),
    (1738, 17, 162),
    (1739, 17, 163),
    (1740, 17, 164),
    (1741, 17, 165),
    (1742, 17, 166),
    (1743, 17, 178),
    (1744, 17, 179),
    (1745, 17, 180),
    (1746, 17, 181),
    (1747, 17, 182),
    (1748, 17, 183),
    (1749, 17, 184),
    (1750, 17, 185),
    (1751, 17, 157),
    (1752, 18, 3),
    (1753, 18, 9),
    (1754, 18, 10),
    (1755, 18, 11),
    (1756, 18, 12),
    (1757, 18, 13),
    (1758, 18, 14),
    (1759, 18, 15),
    (1760, 18, 26),
    (1761, 18, 27),
    (1762, 18, 28),
    (1763, 18, 30),
    (1764, 18, 31),
    (1765, 18, 32),
    (1766, 18, 5),
    (1767, 18, 41),
    (1768, 18, 47),
    (1769, 18, 48),
    (1770, 18, 49),
    (1771, 18, 50),
    (1772, 18, 51),
    (1773, 18, 52),
    (1774, 18, 53),
    (1775, 18, 64),
    (1776, 18, 65),
    (1777, 18, 66),
    (1778, 18, 68),
    (1779, 18, 69),
    (1780, 18, 70),
    (1781, 18, 43),
    (1782, 18, 79),
    (1783, 18, 85),
    (1784, 18, 86),
    (1785, 18, 87),
    (1786, 18, 88),
    (1787, 18, 89),
    (1788, 18, 90),
    (1789, 18, 91),
    (1790, 18, 102),
    (1791, 18, 103),
    (1792, 18, 104),
    (1793, 18, 106),
    (1794, 18, 107),
    (1795, 18, 108),
    (1796, 18, 81),
    (1797, 18, 117),
    (1798, 18, 123),
    (1799, 18, 124),
    (1800, 18, 125),
    (1801, 18, 126),
    (1802, 18, 127),
    (1803, 18, 128),
    (1804, 18, 129),
    (1805, 18, 140),
    (1806, 18, 141),
    (1807, 18, 142),
    (1808, 18, 144),
    (1809, 18, 145),
    (1810, 18, 146),
    (1811, 18, 119),
    (1812, 18, 155),
    (1813, 18, 161),
    (1814, 18, 162),
    (1815, 18, 163),
    (1816, 18, 164),
    (1817, 18, 165),
    (1818, 18, 166),
    (1819, 18, 167),
    (1820, 18, 178),
    (1821, 18, 179),
    (1822, 18, 180),
    (1823, 18, 182),
    (1824, 18, 183),
    (1825, 18, 184),
    (1826, 18, 157),
    (1827, 19, 17),
    (1828, 19, 18),
    (1829, 19, 19),
    (1830, 19, 20),
    (1831, 19, 21),
    (1832, 19, 22),
    (1833, 19, 23),
    (1834, 19, 24),
    (1835, 19, 25),
    (1836, 19, 35),
    (1837, 19, 36),
    (1838, 19, 37),
    (1839, 19, 38),
    (1840, 19, 16),
    (1841, 19, 55),
    (1842, 19, 56),
    (1843, 19, 57),
    (1844, 19, 58),
    (1845, 19, 59),
    (1846, 19, 60),
    (1847, 19, 61),
    (1848, 19, 62),
    (1849, 19, 63),
    (1850, 19, 73),
    (1851, 19, 74),
    (1852, 19, 75),
    (1853, 19, 76),
    (1854, 19, 54),
    (1855, 19, 93),
    (1856, 19, 94),
    (1857, 19, 95),
    (1858, 19, 96),
    (1859, 19, 97),
    (1860, 19, 98),
    (1861, 19, 99),
    (1862, 19, 100),
    (1863, 19, 101),
    (1864, 19, 111),
    (1865, 19, 112),
    (1866, 19, 113),
    (1867, 19, 114),
    (1868, 19, 92),
    (1869, 19, 131),
    (1870, 19, 132),
    (1871, 19, 133),
    (1872, 19, 134),
    (1873, 19, 135),
    (1874, 19, 136),
    (1875, 19, 137),
    (1876, 19, 138),
    (1877, 19, 139),
    (1878, 19, 149),
    (1879, 19, 150),
    (1880, 19, 151),
    (1881, 19, 152),
    (1882, 19, 130),
    (1883, 19, 169),
    (1884, 19, 170),
    (1885, 19, 171),
    (1886, 19, 172),
    (1887, 19, 173),
    (1888, 19, 174),
    (1889, 19, 175),
    (1890, 19, 176),
    (1891, 19, 177),
    (1892, 19, 187),
    (1893, 19, 188),
    (1894, 19, 189),
    (1895, 19, 190),
    (1896, 19, 168),
    (1897, 20, 17),
    (1898, 20, 18),
    (1899, 20, 19),
    (1900, 20, 20),
    (1901, 20, 21),
    (1902, 20, 22),
    (1903, 20, 23),
    (1904, 20, 24),
    (1905, 20, 25),
    (1906, 20, 35),
    (1907, 20, 36),
    (1908, 20, 37),
    (1909, 20, 38),
    (1910, 20, 16),
    (1911, 20, 55),
    (1912, 20, 56),
    (1913, 20, 57),
    (1914, 20, 58),
    (1915, 20, 59),
    (1916, 20, 60),
    (1917, 20, 61),
    (1918, 20, 62),
    (1919, 20, 63),
    (1920, 20, 73),
    (1921, 20, 74),
    (1922, 20, 75),
    (1923, 20, 76),
    (1924, 20, 54),
    (1925, 20, 93),
    (1926, 20, 94),
    (1927, 20, 95),
    (1928, 20, 96),
    (1929, 20, 97),
    (1930, 20, 98),
    (1931, 20, 99),
    (1932, 20, 100),
    (1933, 20, 101),
    (1934, 20, 111),
    (1935, 20, 112),
    (1936, 20, 113),
    (1937, 20, 114),
    (1938, 20, 92),
    (1939, 20, 131),
    (1940, 20, 132),
    (1941, 20, 133),
    (1942, 20, 134),
    (1943, 20, 135),
    (1944, 20, 136),
    (1945, 20, 137),
    (1946, 20, 138),
    (1947, 20, 139),
    (1948, 20, 149),
    (1949, 20, 150),
    (1950, 20, 151),
    (1951, 20, 152),
    (1952, 20, 130),
    (1953, 20, 169),
    (1954, 20, 170),
    (1955, 20, 171),
    (1956, 20, 172),
    (1957, 20, 173),
    (1958, 20, 174),
    (1959, 20, 175),
    (1960, 20, 176),
    (1961, 20, 177),
    (1962, 20, 187),
    (1963, 20, 188),
    (1964, 20, 189),
    (1965, 20, 190),
    (1966, 20, 168),
    (1967, 21, 17),
    (1968, 21, 18),
    (1969, 21, 19),
    (1970, 21, 20),
    (1971, 21, 21),
    (1972, 21, 22),
    (1973, 21, 23),
    (1974, 21, 24),
    (1975, 21, 25),
    (1976, 21, 35),
    (1977, 21, 36),
    (1978, 21, 37),
    (1979, 21, 38),
    (1980, 21, 16),
    (1981, 21, 55),
    (1982, 21, 56),
    (1983, 21, 57),
    (1984, 21, 58),
    (1985, 21, 59),
    (1986, 21, 60),
    (1987, 21, 61),
    (1988, 21, 62),
    (1989, 21, 63),
    (1990, 21, 73),
    (1991, 21, 74),
    (1992, 21, 75),
    (1993, 21, 76),
    (1994, 21, 54),
    (1995, 21, 93),
    (1996, 21, 94),
    (1997, 21, 95),
    (1998, 21, 96),
    (1999, 21, 97),
    (2000, 21, 98),
    (2001, 21, 99),
    (2002, 21, 100),
    (2003, 21, 101),
    (2004, 21, 111),
    (2005, 21, 112),
    (2006, 21, 113),
    (2007, 21, 114),
    (2008, 21, 92),
    (2009, 21, 131),
    (2010, 21, 132),
    (2011, 21, 133),
    (2012, 21, 134),
    (2013, 21, 135),
    (2014, 21, 136),
    (2015, 21, 137),
    (2016, 21, 138),
    (2017, 21, 139),
    (2018, 21, 149),
    (2019, 21, 150),
    (2020, 21, 151),
    (2021, 21, 152),
    (2022, 21, 130),
    (2023, 21, 169),
    (2024, 21, 170),
    (2025, 21, 171),
    (2026, 21, 172),
    (2027, 21, 173),
    (2028, 21, 174),
    (2029, 21, 175),
    (2030, 21, 176),
    (2031, 21, 177),
    (2032, 21, 187),
    (2033, 21, 188),
    (2034, 21, 189),
    (2035, 21, 190),
    (2036, 21, 168);



INSERT INTO hieroglyphic(id,hieroglyph,hsk,pinyin_id,part_of_speech_id) VALUES
    (33,  '你', 1, 782 , 4),
    (34,  '好', 1, 1183, 5),
    (1,   '啊', 1, 69  , 1),
    (2,   '爱', 1, 141 , 1),
    (3,   '八', 1, 188 , 1),
    (4,   '把', 1, 220 , 1),
    (5,   '爸', 1, 204 , 1),
    (6,   '吧', 1, 172 , 1),
    (7,   '白', 1, 238 , 1),
    (8,   '半', 1, 209 , 1),
    (10,  '室', 1, 1751, 1),
    (11,  '帮', 1, 195 , 1),
    (12,  '助', 1, 1553, 1),
    (13,  '被', 1, 207 , 1),
    (14,  '本', 1, 226 , 1),
    (15,  '比', 1, 235 , 1),
    (16,  '较', 1, 1884, 1),
    (17,  '赛', 1, 1448, 1),
    (18,  '边', 1, 199 , 1),   
    (19,  '便', 1, 215 , 1),   
    (20,  '变', 1, 215 , 1),   
    (21,  '表', 1, 229 , 1),   
    (22,  '示', 1, 1751, 1),   
    (23,  '别', 1, 246 , 1),   
    (24,  '的', 1, 478 , 1),   
    (25,  '人', 1, 1786, 1),   
    (26,  '宾', 1, 200 , 1),   
    (27,  '馆', 1, 1005, 1),   
    (28,  '并', 1, 217 , 1),   
    (29,  '病', 1, 217 , 1),   
    (30,  '不', 1, 218 , 1),   
    (31,  '错', 1, 1377, 1),   
    (32,  '过', 1, 1021, 1); 

INSERT INTO words(id,name,pinyin,hsk,part_of_speech_id) VALUES
    (1,'好你','nǐhǎo',1,1),
    (2,'啊','á',1,NULL),
    (3,'爱','ài',1,NULL),
    (4,'八','bā',1,NULL),
    (5,'把','bǎ',1,NULL),
    (6,'爸爸','bàba',1,NULL),
    (7,'吧','ba',1,NULL),
    (8,'白','bái',1,NULL),
    (9,'半','bàn',1,NULL),
    (10,'帮','bāng',1,NULL),
    (11,'帮助','bāngzhù',1,NULL),
    (12,'被','bèi',1,NULL),
    (13,'本','běn',1,NULL),
    (14,'比','bǐ',1,NULL),
    (15,'比较','bǐjiào',1,NULL),
    (16,'比赛','bǐsài',1,NULL),
    (17,'边','biān',1,NULL),
    (18,'便','biàn',1,NULL),
    (19,'变','biàn',1,NULL),
    (20,'表示','biǎoshì',1,NULL),
    (21,'别','bié',1,NULL),
    (22,'别的','biéde',1,NULL),
    (23,'别人','biérén',1,NULL),
    (24,'宾馆','bīnguǎn',1,NULL),
    (25,'并','bìng',1,NULL),
    (26,'病','bìng',1,NULL),
    (27,'不','bù',1,NULL),
    (28,'不错','bùcuò',1,NULL),
    (29,'不过','bùguò',1,NULL);

INSERT INTO words_hieroglyphic(index,word_id,hieroglyph_id) VALUES
    (1, 1, 33), (2, 1, 34),
    (1, 2,  1),
    (1, 3,  2),
    (1, 4,  3),
    (1, 5,  4),
    (1, 6,  5),
    (1, 7,  6),
    (1, 8,  7),
    (1, 9,  8),
    (1, 10, 11),
    (1, 11, 11), (2, 11, 12),
    (1, 12, 13),
    (1, 13, 14),
    (1, 14, 15),
    (1, 15, 15),(2, 15, 16),
    (1, 16, 15),(2, 15, 17),
    (1, 17, 18),
    (1, 18, 19),
    (1, 19, 20),
    (1, 20, 21),(2, 20, 22),
    (1, 21, 23),
    (1, 22, 23),(2, 22, 24),
    (1, 23, 23),(2, 22, 25),
    (1, 24, 26 ),
    (1, 25, 28),
    (1, 26, 29),
    (1, 27, 30),
    (1, 28, 30),(2, 22, 31),
    (1, 29, 30),(2, 22, 32);

INSERT INTO words_collections(id,name,hsk,author_id,categorie_id) VALUES 
    (1,'HSK 1 most popular',1,1,NULL);

INSERT INTO words_in_collections(word_collection_id,word_id) VALUES 
    (1,1),
    (1,2),
    (1,3),
    (1,4),
    (1,5),
    (1,6),
    (1,7),
    (1,8),
    (1,9),
    (1,10),
    (1,11),
    (1,12),
    (1,13),
    (1,14),
    (1,15),
    (1,16),
    (1,17),
    (1,18),
    (1,19),
    (1,20),
    (1,21),
    (1,22),
    (1,23),
    (1,24),
    (1,25),
    (1,26),
    (1,27),
    (1,28),
    (1,29);

-- End ;




--& hieroglyph
--? '啊'      'á'       '69'      '1'
--? '爱'      'ài'      '141'     '2'
--? '八'      'bā'      '188'     '3'
--? '把'      'bǎ'      '220'     '4'
--? '爸'      'bà'      '204'     '5'
--? '吧'      'ba'      '172'     '6'
--? '白'      'bái'     '238'     '7'
--? '半'      'bàn'     '209'     '8'
--? '室'      'shì'     '1751'    '10'
--? '帮'      'bāng'    '195'     '11'
--? '助'      'zhù'     '1553'    '12'
--? '被'      'bèi'     '207'     '13'
--? '本'      'běn'     '226'     '14'
--? '比'      'bǐ'      '235'     '15'
--? '较'      'jiào'    '1884'    '16'
--? '赛'      'sài'     '1448'    '17'
--? '边'      'biān'    '199'     '18'
--? '便'      'biàn'    '215'     '19'
--? '变'      'biàn'    '215'     '20'
--? '表'      'biǎo'    '229'     '21'
--? '示'      'shì'     '1751'    '22'
--? '别'      'bié'     '246'     '23'
--? '的'      'de'      '478'     '24'
--? '人'      'rén'     '1786'    '25'
--? '宾'      'bīn'     '200'     '26'
--? '馆'      'guǎn'    '1005'    '27'
--? '并'      'bìng'    '217'     '28'
--? '病'      'bìng'    '217'     '29'
--? '不'      'bù'      '218'     '30'
--? '错'      'cuò'     '1377'    '31'
--? '过'      'guò'     '1021'    '32'

--& words
--? '啊'        'á'         '1'
--? '爱'        'ài'        '2'
--? '八'        'bā'        '3'
--? '把'        'bǎ'        '4'
--? '爸爸'       'bàba'      '5'
--? '吧'        'ba'        '6'
--? '白'        'bái'       '7'
--? '半'        'bàn'       '8'
--? '帮'        'bāng'      '11'
--? '帮助'      'bāngzhù'   '11 12'
--? '被'        'bèi'       '13'
--? '本'        'běn'       '14'
--? '比'        'bǐ'        '15'
--? '比较'      'bǐjiào'    '15 16'
--? '比赛'      'bǐsài'     '15 17'
--? '边'        'biān'      '18'
--? '便'        'biàn'      '19'
--? '变'        'biàn'      '20'
--? '表示'      'biǎoshì'   '21 22'
--? '别'        'bié'       '23'
--? '别的'      'biéde'      '23 24'
--? '别人'      'biérén'     '23 25'
--? '宾馆'      'bīnguǎn'    '26 27'
--? '并'        'bìng'       '28'
--? '病'        'bìng'       '29'
--? '不'        'bù'         '30'
--? '不错'      'bùcuò'      '30 31'
--? '不过'      'bùguò'      '30 32'



